,Date,Product,InventoryLevel,SupplierLeadTime,MarketDemand,OrderCancellations,ShippingDelays
0,2024-01-01,Product C,524,5,212,6,0
1,2024-01-02,Product C,576,6,221,8,2
2,2024-01-03,Product A,476,7,193,6,0
3,2024-01-04,Product A,476,1,223,13,0
4,2024-01-05,Product C,449,6,187,5,1
5,2024-01-06,Product B,429,4,219,5,1
6,2024-01-07,Product A,472,6,185,6,0
7,2024-01-08,Product C,518,4,229,12,0
8,2024-01-09,Product C,469,9,211,7,0
9,2024-01-10,Product C,447,5,220,13,2
10,2024-01-11,Product B,510,2,187,6,6
11,2024-01-12,Product C,509,6,232,9,5
12,2024-01-13,Product A,494,5,186,11,3
13,2024-01-14,Product A,464,3,199,11,1
14,2024-01-15,Product B,516,5,204,7,0
15,2024-01-16,Product A,530,7,236,17,2
16,2024-01-17,Product B,458,5,226,6,0
17,2024-01-18,Product B,548,5,212,6,0
18,2024-01-19,Product B,540,8,219,12,0
19,2024-01-20,Product A,550,7,237,14,1
20,2024-01-21,Product C,498,9,169,5,0
21,2024-01-22,Product B,541,3,242,7,1
22,2024-01-23,Product B,489,6,251,16,0
23,2024-01-24,Product C,474,5,213,14,0
24,2024-01-25,Product B,545,6,211,11,4
25,2024-01-26,Product C,525,8,225,6,4
26,2024-01-27,Product C,464,5,214,7,3
27,2024-01-28,Product B,426,1,228,16,0
28,2024-01-29,Product A,482,4,218,14,1
29,2024-01-30,Product B,520,4,248,9,7
30,2024-01-31,Product C,404,5,221,14,0
31,2024-02-01,Product A,623,6,214,9,0
32,2024-02-02,Product A,498,3,241,14,0
33,2024-02-03,Product C,537,4,245,17,2
34,2024-02-04,Product C,529,10,197,5,0
35,2024-02-05,Product C,471,9,233,7,0
36,2024-02-06,Product C,422,6,194,7,2
37,2024-02-07,Product B,523,7,211,9,0
38,2024-02-08,Product C,460,5,229,13,3
39,2024-02-09,Product A,438,8,262,15,0
40,2024-02-10,Product A,512,7,186,6,2
41,2024-02-11,Product A,433,7,233,15,0
42,2024-02-12,Product B,514,4,245,9,2
43,2024-02-13,Product A,523,7,187,13,0
44,2024-02-14,Product C,557,4,225,15,2
45,2024-02-15,Product B,520,4,207,7,0
46,2024-02-16,Product B,455,4,201,9,4
47,2024-02-17,Product C,517,8,212,10,1
48,2024-02-18,Product B,486,11,213,6,0
49,2024-02-19,Product C,457,6,196,10,0
50,2024-02-20,Product B,488,7,207,12,6
51,2024-02-21,Product B,496,5,212,14,0
52,2024-02-22,Product B,477,7,200,8,5
53,2024-02-23,Product A,437,7,229,11,0
54,2024-02-24,Product A,502,3,200,12,2
55,2024-02-25,Product A,528,4,220,7,0
56,2024-02-26,Product A,525,7,202,13,3
57,2024-02-27,Product B,692,8,210,11,3
58,2024-02-28,Product B,484,7,174,7,1
59,2024-02-29,Product B,488,5,178,9,1
60,2024-03-01,Product C,534,2,179,12,0
61,2024-03-02,Product A,554,9,190,11,0
62,2024-03-03,Product A,463,6,188,11,1
63,2024-03-04,Product C,467,8,203,12,7
64,2024-03-05,Product C,398,6,173,7,1
65,2024-03-06,Product B,542,4,220,10,0
66,2024-03-07,Product B,476,4,222,5,2
67,2024-03-08,Product C,520,6,219,15,1
68,2024-03-09,Product B,424,5,212,15,0
69,2024-03-10,Product A,464,5,224,11,0
70,2024-03-11,Product A,337,3,182,12,1
71,2024-03-12,Product B,437,9,214,14,0
72,2024-03-13,Product C,572,3,211,11,2
73,2024-03-14,Product A,500,5,189,8,1
74,2024-03-15,Product A,505,7,221,11,1
75,2024-03-16,Product C,438,7,191,13,0
76,2024-03-17,Product C,514,4,186,7,3
77,2024-03-18,Product A,475,4,184,5,2
78,2024-03-19,Product B,544,6,209,14,0
79,2024-03-20,Product B,531,7,179,6,3
80,2024-03-21,Product A,498,6,220,15,0
81,2024-03-22,Product A,470,9,187,5,2
82,2024-03-23,Product B,565,6,211,13,0
83,2024-03-24,Product C,484,5,186,11,5
84,2024-03-25,Product A,504,7,183,10,0
85,2024-03-26,Product C,604,8,177,5,2
86,2024-03-27,Product C,531,7,202,13,0
87,2024-03-28,Product B,455,1,239,17,4
88,2024-03-29,Product C,458,5,214,13,1
89,2024-03-30,Product C,471,5,211,7,3
90,2024-03-31,Product B,476,6,180,8,3
91,2024-04-01,Product C,429,4,237,13,0
92,2024-04-02,Product B,515,8,229,16,0
93,2024-04-03,Product B,492,5,213,6,1
94,2024-04-04,Product A,516,4,225,6,6
95,2024-04-05,Product A,576,3,199,10,4
96,2024-04-06,Product A,511,6,219,11,6
97,2024-04-07,Product A,461,10,227,6,2
98,2024-04-08,Product C,607,4,237,6,0
99,2024-04-09,Product A,509,5,241,16,1
100,2024-04-10,Product B,458,4,180,5,1
101,2024-04-11,Product A,473,2,231,9,3
102,2024-04-12,Product B,455,6,198,7,5
103,2024-04-13,Product A,591,5,220,13,3
104,2024-04-14,Product C,414,8,224,12,1
105,2024-04-15,Product A,561,5,226,14,4
106,2024-04-16,Product B,500,6,219,7,1
107,2024-04-17,Product A,531,3,239,13,2
108,2024-04-18,Product B,423,8,236,10,1
109,2024-04-19,Product B,462,6,261,17,3
110,2024-04-20,Product A,603,9,225,13,0
111,2024-04-21,Product C,548,8,248,7,0
112,2024-04-22,Product B,552,2,207,12,4
113,2024-04-23,Product A,398,6,187,7,3
114,2024-04-24,Product A,581,3,197,10,1
115,2024-04-25,Product A,497,5,239,11,0
116,2024-04-26,Product B,434,7,238,11,0
117,2024-04-27,Product A,453,7,224,10,1
118,2024-04-28,Product C,450,7,219,6,0
119,2024-04-29,Product C,460,3,226,16,0
120,2024-04-30,Product A,598,6,215,15,4
121,2024-05-01,Product A,510,7,216,7,2
122,2024-05-02,Product B,473,4,222,10,1
123,2024-05-03,Product B,384,4,183,12,2
124,2024-05-04,Product A,528,6,287,12,0
125,2024-05-05,Product B,555,9,176,6,0
126,2024-05-06,Product B,462,3,211,8,0
127,2024-05-07,Product C,445,6,241,17,2
128,2024-05-08,Product C,499,8,223,12,1
129,2024-05-09,Product B,456,5,252,8,0
130,2024-05-10,Product B,456,3,238,8,0
131,2024-05-11,Product A,595,6,221,11,0
132,2024-05-12,Product C,467,5,205,5,0
133,2024-05-13,Product B,456,1,229,6,7
134,2024-05-14,Product C,488,4,203,9,0
135,2024-05-15,Product C,537,7,217,7,1
136,2024-05-16,Product C,416,7,198,5,0
137,2024-05-17,Product A,528,6,156,4,0
138,2024-05-18,Product A,512,4,222,13,0
139,2024-05-19,Product A,416,11,176,7,0
140,2024-05-20,Product C,456,5,227,8,0
141,2024-05-21,Product C,471,8,221,5,1
142,2024-05-22,Product A,376,4,216,9,3
143,2024-05-23,Product C,489,6,205,10,0
144,2024-05-24,Product B,504,5,225,16,0
145,2024-05-25,Product A,512,4,213,12,0
146,2024-05-26,Product B,519,5,206,7,0
147,2024-05-27,Product B,603,5,218,6,3
148,2024-05-28,Product C,398,3,161,6,2
149,2024-05-29,Product B,482,2,198,14,4
150,2024-05-30,Product A,541,1,202,5,0
151,2024-05-31,Product C,538,6,208,15,0
152,2024-06-01,Product A,516,5,209,5,4
153,2024-06-02,Product A,613,5,204,10,0
154,2024-06-03,Product A,541,4,197,14,2
155,2024-06-04,Product A,476,5,212,14,3
156,2024-06-05,Product B,486,4,186,7,0
157,2024-06-06,Product B,518,7,215,14,2
158,2024-06-07,Product C,520,9,180,7,0
159,2024-06-08,Product C,437,6,212,10,1
160,2024-06-09,Product C,532,5,201,13,1
161,2024-06-10,Product B,443,5,197,14,4
162,2024-06-11,Product A,505,7,206,14,2
163,2024-06-12,Product A,511,6,174,6,1
164,2024-06-13,Product A,579,4,178,11,7
165,2024-06-14,Product A,493,11,209,8,1
166,2024-06-15,Product C,492,5,179,6,1
167,2024-06-16,Product B,417,5,213,7,0
168,2024-06-17,Product C,483,9,196,13,0
169,2024-06-18,Product C,424,5,176,8,1
170,2024-06-19,Product A,488,7,241,7,0
171,2024-06-20,Product B,556,3,215,14,6
172,2024-06-21,Product A,486,3,258,6,0
173,2024-06-22,Product A,502,4,221,12,4
174,2024-06-23,Product B,471,4,208,6,1
175,2024-06-24,Product B,472,8,157,8,1
176,2024-06-25,Product B,562,1,205,10,3
177,2024-06-26,Product A,481,5,224,6,0
178,2024-06-27,Product C,444,9,233,16,0
179,2024-06-28,Product C,563,4,201,5,2
180,2024-06-29,Product B,473,6,193,10,0
181,2024-06-30,Product A,535,7,200,9,3
182,2024-07-01,Product A,481,8,199,8,0
183,2024-07-02,Product A,530,2,257,18,4
184,2024-07-03,Product A,473,8,209,12,1
185,2024-07-04,Product C,429,7,197,5,1
186,2024-07-05,Product C,395,9,230,15,2
187,2024-07-06,Product B,495,7,227,16,3
188,2024-07-07,Product C,481,5,235,7,2
189,2024-07-08,Product A,414,4,222,15,3
190,2024-07-09,Product A,500,6,221,15,0
191,2024-07-10,Product A,461,2,244,8,1
192,2024-07-11,Product B,551,6,239,15,1
193,2024-07-12,Product B,549,3,245,15,4
194,2024-07-13,Product C,407,3,223,14,0
195,2024-07-14,Product B,501,5,240,7,1
196,2024-07-15,Product C,469,3,219,6,2
197,2024-07-16,Product A,432,7,203,13,1
198,2024-07-17,Product A,524,6,221,7,0
199,2024-07-18,Product B,535,7,208,8,0
200,2024-07-19,Product A,628,5,262,9,0
201,2024-07-20,Product C,464,6,233,8,1
202,2024-07-21,Product B,468,9,254,9,3
203,2024-07-22,Product A,471,3,258,18,1
204,2024-07-23,Product B,463,5,238,10,0
205,2024-07-24,Product C,531,8,242,10,2
206,2024-07-25,Product C,527,8,256,10,0
207,2024-07-26,Product A,522,2,238,7,7
208,2024-07-27,Product B,521,6,244,8,4
209,2024-07-28,Product B,436,6,234,6,7
210,2024-07-29,Product C,498,7,238,11,0
211,2024-07-30,Product C,501,3,247,15,0
212,2024-07-31,Product B,511,5,262,14,0
213,2024-08-01,Product C,455,6,197,6,3
214,2024-08-02,Product C,551,3,240,8,0
215,2024-08-03,Product A,544,7,235,14,3
216,2024-08-04,Product A,474,8,279,14,4
217,2024-08-05,Product C,481,2,197,11,2
218,2024-08-06,Product C,478,5,204,12,0
219,2024-08-07,Product A,454,2,205,8,2
220,2024-08-08,Product A,549,5,227,16,1
221,2024-08-09,Product B,533,8,260,14,1
222,2024-08-10,Product C,468,4,213,14,3
223,2024-08-11,Product C,472,5,221,15,6
224,2024-08-12,Product C,571,4,207,8,3
225,2024-08-13,Product B,523,4,208,8,1
226,2024-08-14,Product C,577,9,208,8,4
227,2024-08-15,Product A,480,7,241,8,1
228,2024-08-16,Product C,491,4,191,13,2
229,2024-08-17,Product C,463,4,217,13,0
230,2024-08-18,Product A,474,6,215,12,1
231,2024-08-19,Product B,559,8,221,10,0
232,2024-08-20,Product A,534,9,225,9,3
233,2024-08-21,Product A,482,7,221,10,4
234,2024-08-22,Product C,541,7,232,12,1
235,2024-08-23,Product B,558,4,220,10,4
236,2024-08-24,Product B,491,6,233,13,0
237,2024-08-25,Product C,459,6,216,10,1
238,2024-08-26,Product C,509,6,180,6,2
239,2024-08-27,Product A,537,8,211,8,0
240,2024-08-28,Product C,512,9,204,11,2
241,2024-08-29,Product B,513,6,214,6,0
242,2024-08-30,Product A,553,3,208,12,0
243,2024-08-31,Product A,464,5,207,13,4
244,2024-09-01,Product A,472,6,236,6,2
245,2024-09-02,Product A,496,2,196,14,7
246,2024-09-03,Product C,427,1,213,14,2
247,2024-09-04,Product A,474,8,230,11,0
248,2024-09-05,Product C,532,5,241,13,1
249,2024-09-06,Product C,446,7,200,12,0
250,2024-09-07,Product B,437,8,203,9,6
251,2024-09-08,Product A,555,6,201,11,2
252,2024-09-09,Product A,528,6,219,15,0
253,2024-09-10,Product A,566,8,216,13,1
254,2024-09-11,Product A,466,9,206,6,0
255,2024-09-12,Product C,428,2,219,11,3
256,2024-09-13,Product A,477,2,199,10,1
257,2024-09-14,Product A,378,8,188,8,3
258,2024-09-15,Product B,451,5,210,12,1
259,2024-09-16,Product C,442,7,247,13,0
260,2024-09-17,Product B,510,1,208,11,0
261,2024-09-18,Product C,465,5,199,13,0
262,2024-09-19,Product B,589,7,204,13,0
263,2024-09-20,Product C,528,6,200,9,2
264,2024-09-21,Product A,502,4,232,14,2
265,2024-09-22,Product B,519,4,241,11,3
266,2024-09-23,Product A,565,6,262,17,1
267,2024-09-24,Product B,465,5,226,14,0
268,2024-09-25,Product C,467,5,217,10,7
269,2024-09-26,Product A,521,3,214,8,3
270,2024-09-27,Product A,498,10,261,15,0
271,2024-09-28,Product A,521,3,239,9,2
272,2024-09-29,Product B,487,2,237,16,2
273,2024-09-30,Product A,532,2,213,6,0
274,2024-10-01,Product A,511,8,266,11,1
275,2024-10-02,Product A,477,2,222,13,1
276,2024-10-03,Product A,573,8,223,10,2
277,2024-10-04,Product B,519,6,231,12,1
278,2024-10-05,Product B,527,5,253,7,0
279,2024-10-06,Product B,357,3,246,10,0
280,2024-10-07,Product C,435,8,231,16,7
281,2024-10-08,Product A,517,2,236,16,0
282,2024-10-09,Product C,503,3,262,11,1
283,2024-10-10,Product A,475,7,216,15,2
284,2024-10-11,Product B,482,5,238,14,3
285,2024-10-12,Product B,603,6,271,14,4
286,2024-10-13,Product C,487,5,245,12,1
287,2024-10-14,Product C,498,5,226,15,5
288,2024-10-15,Product B,503,2,266,9,1
289,2024-10-16,Product B,517,1,307,15,2
290,2024-10-17,Product B,555,3,260,10,7
291,2024-10-18,Product C,447,6,235,15,1
292,2024-10-19,Product C,490,6,266,8,5
293,2024-10-20,Product B,524,5,289,20,1
294,2024-10-21,Product C,510,8,271,14,0
295,2024-10-22,Product B,559,3,281,15,2
296,2024-10-23,Product C,515,4,247,6,4
297,2024-10-24,Product C,516,6,277,12,2
298,2024-10-25,Product B,487,7,272,9,3
299,2024-10-26,Product B,438,7,260,11,1
300,2024-10-27,Product A,492,6,243,11,0
301,2024-10-28,Product B,500,3,213,13,2
302,2024-10-29,Product B,450,1,233,9,0
303,2024-10-30,Product B,433,6,231,8,2
304,2024-10-31,Product A,465,10,263,12,1
305,2024-11-01,Product C,483,5,242,12,0
306,2024-11-02,Product B,430,2,262,9,1
307,2024-11-03,Product A,621,7,252,16,2
308,2024-11-04,Product C,537,6,242,6,0
309,2024-11-05,Product A,496,5,250,18,0
310,2024-11-06,Product A,415,5,218,14,3
311,2024-11-07,Product C,444,2,244,7,1
312,2024-11-08,Product A,450,7,215,10,0
313,2024-11-09,Product A,488,4,245,13,1
314,2024-11-10,Product A,469,6,200,9,6
315,2024-11-11,Product B,522,8,229,14,1
316,2024-11-12,Product A,506,5,232,12,3
317,2024-11-13,Product C,527,5,236,14,0
318,2024-11-14,Product A,429,9,202,14,3
319,2024-11-15,Product A,465,7,215,11,1
320,2024-11-16,Product B,466,6,208,11,1
321,2024-11-17,Product B,607,7,209,9,3
322,2024-11-18,Product C,490,5,223,7,1
323,2024-11-19,Product C,492,2,227,13,0
324,2024-11-20,Product C,495,11,204,7,1
325,2024-11-21,Product C,581,7,241,15,7
326,2024-11-22,Product C,528,9,211,11,0
327,2024-11-23,Product A,489,3,203,13,0
328,2024-11-24,Product C,501,4,221,14,4
329,2024-11-25,Product B,422,6,258,13,0
330,2024-11-26,Product C,561,3,249,10,1
331,2024-11-27,Product C,520,6,201,11,6
332,2024-11-28,Product A,526,4,218,14,0
333,2024-11-29,Product B,429,9,208,6,0
334,2024-11-30,Product B,554,7,192,10,7
335,2024-12-01,Product B,484,6,229,13,3
336,2024-12-02,Product B,615,6,217,7,0
337,2024-12-03,Product C,484,7,225,16,2
338,2024-12-04,Product B,460,3,177,9,1
339,2024-12-05,Product C,525,10,191,12,1
340,2024-12-06,Product B,499,7,215,10,0
341,2024-12-07,Product C,495,7,226,12,0
342,2024-12-08,Product B,491,4,225,15,0
343,2024-12-09,Product A,455,6,219,8,3
344,2024-12-10,Product B,498,7,244,9,0
345,2024-12-11,Product B,527,1,218,11,0
346,2024-12-12,Product C,469,5,219,9,6
347,2024-12-13,Product A,526,2,206,10,1
348,2024-12-14,Product B,453,5,195,6,1
349,2024-12-15,Product A,529,4,229,9,0
350,2024-12-16,Product B,489,8,225,9,7
351,2024-12-17,Product C,483,4,215,12,0
352,2024-12-18,Product B,469,5,216,11,1
353,2024-12-19,Product C,508,2,244,17,1
354,2024-12-20,Product A,372,7,199,7,0
355,2024-12-21,Product B,488,8,222,10,2
356,2024-12-22,Product A,471,1,219,13,1
357,2024-12-23,Product C,519,4,230,13,1
358,2024-12-24,Product B,559,5,232,15,0
359,2024-12-25,Product A,453,8,217,8,1
360,2024-12-26,Product B,431,2,265,15,4
361,2024-12-27,Product B,489,8,215,12,1
362,2024-12-28,Product B,533,5,282,13,2
363,2024-12-29,Product C,469,6,256,10,1
364,2024-12-30,Product C,501,4,251,13,1
365,2024-12-31,Product B,466,5,245,14,0
366,2025-01-01,Product B,481,6,217,8,0
367,2025-01-02,Product A,451,7,269,8,0
368,2025-01-03,Product A,559,7,267,10,1
369,2025-01-04,Product C,462,3,238,12,0
370,2025-01-05,Product C,566,7,258,8,0
371,2025-01-06,Product A,608,8,286,17,2
372,2025-01-07,Product B,526,8,244,14,5
373,2025-01-08,Product C,458,4,227,12,1
374,2025-01-09,Product A,602,3,249,16,4
375,2025-01-10,Product B,486,3,273,9,3
376,2025-01-11,Product A,491,6,250,10,3
377,2025-01-12,Product C,580,7,270,14,2
378,2025-01-13,Product B,509,3,264,7,3
379,2025-01-14,Product A,467,6,227,11,3
380,2025-01-15,Product C,515,9,262,18,0
381,2025-01-16,Product C,630,9,270,18,4
382,2025-01-17,Product B,564,7,255,7,0
383,2025-01-18,Product A,438,7,239,12,7
384,2025-01-19,Product B,489,4,246,12,1
385,2025-01-20,Product B,529,7,287,9,0
386,2025-01-21,Product A,559,4,255,9,2
387,2025-01-22,Product B,500,3,235,7,0
388,2025-01-23,Product A,536,5,291,13,4
389,2025-01-24,Product A,480,2,286,15,1
390,2025-01-25,Product C,423,8,245,6,2
391,2025-01-26,Product A,627,6,241,15,1
392,2025-01-27,Product B,603,8,275,8,0
393,2025-01-28,Product A,529,5,280,8,0
394,2025-01-29,Product B,491,5,267,14,3
395,2025-01-30,Product C,547,1,268,9,0
396,2025-01-31,Product C,464,2,249,10,1
397,2025-02-01,Product B,493,6,261,10,1
398,2025-02-02,Product C,561,7,244,18,3
399,2025-02-03,Product B,452,8,209,11,1
400,2025-02-04,Product A,475,3,249,13,0
401,2025-02-05,Product C,411,8,241,7,3
402,2025-02-06,Product A,525,4,220,12,0
403,2025-02-07,Product B,356,6,235,13,1
404,2025-02-08,Product A,583,5,229,8,1
405,2025-02-09,Product C,523,6,229,6,2
406,2025-02-10,Product A,494,5,221,10,4
407,2025-02-11,Product C,458,4,219,12,2
408,2025-02-12,Product B,574,5,236,6,0
409,2025-02-13,Product B,462,6,212,12,1
410,2025-02-14,Product C,536,5,235,16,5
411,2025-02-15,Product A,525,5,220,13,0
412,2025-02-16,Product B,539,3,237,15,1
413,2025-02-17,Product C,432,6,237,12,0
414,2025-02-18,Product A,463,4,233,10,1
415,2025-02-19,Product C,557,5,231,8,2
416,2025-02-20,Product A,458,6,206,14,0
417,2025-02-21,Product A,353,5,267,7,1
418,2025-02-22,Product A,530,10,226,14,3
419,2025-02-23,Product C,463,4,224,13,3
420,2025-02-24,Product C,467,4,215,15,2
421,2025-02-25,Product B,452,3,226,7,4
422,2025-02-26,Product C,485,2,241,9,1
423,2025-02-27,Product B,496,4,223,16,2
424,2025-02-28,Product C,478,8,225,11,0
425,2025-03-01,Product B,428,6,250,7,2
426,2025-03-02,Product A,477,8,224,15,0
427,2025-03-03,Product C,542,7,235,9,0
428,2025-03-04,Product B,483,5,203,5,1
429,2025-03-05,Product A,521,4,227,16,4
430,2025-03-06,Product C,501,8,221,12,7
431,2025-03-07,Product A,522,8,252,18,0
432,2025-03-08,Product C,490,7,247,16,2
433,2025-03-09,Product C,629,4,236,6,3
434,2025-03-10,Product A,508,8,205,9,1
435,2025-03-11,Product C,556,5,252,11,0
436,2025-03-12,Product B,564,5,207,7,2
437,2025-03-13,Product C,474,4,219,10,0
438,2025-03-14,Product B,580,5,253,18,0
439,2025-03-15,Product B,576,5,254,10,7
440,2025-03-16,Product B,454,6,207,8,2
441,2025-03-17,Product A,559,5,242,16,3
442,2025-03-18,Product B,543,3,236,10,0
443,2025-03-19,Product B,596,8,208,8,5
444,2025-03-20,Product B,517,6,248,16,0
445,2025-03-21,Product C,555,6,250,6,1
446,2025-03-22,Product A,493,4,261,10,1
447,2025-03-23,Product B,493,6,239,7,0
448,2025-03-24,Product B,473,5,248,16,0
449,2025-03-25,Product A,509,5,258,14,4
450,2025-03-26,Product C,536,7,226,10,3
451,2025-03-27,Product A,554,7,238,8,0
452,2025-03-28,Product B,518,9,243,13,0
453,2025-03-29,Product B,482,2,243,13,1
454,2025-03-30,Product A,447,3,269,9,4
455,2025-03-31,Product C,585,7,239,7,0
456,2025-04-01,Product B,503,8,235,11,0
457,2025-04-02,Product C,511,6,267,13,3
458,2025-04-03,Product A,509,8,202,14,0
459,2025-04-04,Product C,533,8,250,16,1
460,2025-04-05,Product C,493,7,291,9,1
461,2025-04-06,Product C,565,3,275,7,1
462,2025-04-07,Product B,487,4,304,9,6
463,2025-04-08,Product A,491,8,274,13,1
464,2025-04-09,Product A,468,6,248,14,1
465,2025-04-10,Product A,433,5,222,11,0
466,2025-04-11,Product C,424,7,266,10,0
467,2025-04-12,Product C,427,8,253,9,1
468,2025-04-13,Product B,406,6,262,19,0
469,2025-04-14,Product A,533,4,271,12,0
470,2025-04-15,Product A,553,6,304,13,7
471,2025-04-16,Product C,496,5,253,12,1
472,2025-04-17,Product A,409,2,272,18,1
473,2025-04-18,Product B,525,7,256,16,6
474,2025-04-19,Product B,475,6,299,12,0
475,2025-04-20,Product C,544,4,223,8,0
476,2025-04-21,Product A,489,4,264,10,0
477,2025-04-22,Product B,503,7,263,17,2
478,2025-04-23,Product C,445,8,264,19,2
479,2025-04-24,Product B,500,6,281,19,4
480,2025-04-25,Product B,469,6,242,12,0
481,2025-04-26,Product B,505,2,251,10,1
482,2025-04-27,Product C,472,6,267,11,0
483,2025-04-28,Product B,448,7,288,19,3
484,2025-04-29,Product C,467,9,238,8,0
485,2025-04-30,Product B,545,5,290,10,3
486,2025-05-01,Product B,514,6,257,7,0
487,2025-05-02,Product C,540,2,282,13,1
488,2025-05-03,Product B,551,8,236,10,1
489,2025-05-04,Product C,479,4,248,16,0
490,2025-05-05,Product C,565,8,244,18,1
491,2025-05-06,Product B,489,8,230,16,1
492,2025-05-07,Product A,438,4,252,12,2
493,2025-05-08,Product C,514,5,229,9,0
494,2025-05-09,Product A,527,6,242,16,0
495,2025-05-10,Product B,494,3,242,7,0
496,2025-05-11,Product B,487,9,259,6,0
497,2025-05-12,Product A,485,5,251,11,4
498,2025-05-13,Product C,558,6,243,17,0
499,2025-05-14,Product A,522,7,203,9,0
500,2025-05-15,Product B,586,10,255,10,1
501,2025-05-16,Product C,525,3,224,10,0
502,2025-05-17,Product A,491,5,201,13,1
503,2025-05-18,Product C,537,5,217,14,1
504,2025-05-19,Product B,373,5,260,18,1
505,2025-05-20,Product C,597,5,212,12,0
506,2025-05-21,Product B,632,2,241,16,1
507,2025-05-22,Product A,523,5,241,13,3
508,2025-05-23,Product A,531,5,242,13,1
509,2025-05-24,Product B,498,6,255,19,0
510,2025-05-25,Product C,454,4,221,6,1
511,2025-05-26,Product A,568,11,227,14,4
512,2025-05-27,Product C,497,6,243,16,1
513,2025-05-28,Product B,532,8,228,7,4
514,2025-05-29,Product B,529,1,245,17,0
515,2025-05-30,Product A,509,9,226,9,2
516,2025-05-31,Product A,461,6,212,8,3
517,2025-06-01,Product B,431,4,218,10,6
518,2025-06-02,Product A,547,7,246,12,2
519,2025-06-03,Product C,525,6,220,13,2
520,2025-06-04,Product A,559,7,239,8,0
521,2025-06-05,Product A,553,4,232,12,1
522,2025-06-06,Product B,466,5,217,12,3
523,2025-06-07,Product A,484,6,245,12,0
524,2025-06-08,Product C,500,4,247,7,0
525,2025-06-09,Product B,546,5,220,12,0
526,2025-06-10,Product B,461,4,252,9,0
527,2025-06-11,Product A,490,2,234,16,2
528,2025-06-12,Product B,502,6,265,18,0
529,2025-06-13,Product C,434,6,259,13,1
530,2025-06-14,Product A,590,8,244,11,0
531,2025-06-15,Product B,475,7,252,18,3
532,2025-06-16,Product B,553,11,250,14,0
533,2025-06-17,Product B,474,2,243,14,0
534,2025-06-18,Product B,473,6,228,15,0
535,2025-06-19,Product A,556,4,246,18,0
536,2025-06-20,Product B,483,6,264,8,0
537,2025-06-21,Product B,456,5,233,12,0
538,2025-06-22,Product C,476,7,256,10,1
539,2025-06-23,Product C,509,5,267,10,6
540,2025-06-24,Product C,513,4,205,9,2
541,2025-06-25,Product A,493,7,239,12,2
542,2025-06-26,Product C,504,6,244,15,3
543,2025-06-27,Product A,484,5,261,18,0
544,2025-06-28,Product C,500,7,231,11,0
545,2025-06-29,Product B,385,3,233,14,0
546,2025-06-30,Product A,477,8,269,14,0
547,2025-07-01,Product B,515,5,306,11,4
548,2025-07-02,Product A,533,3,234,13,0
549,2025-07-03,Product C,540,8,282,17,0
550,2025-07-04,Product C,440,9,249,14,4
551,2025-07-05,Product A,531,4,240,13,0
552,2025-07-06,Product C,502,3,284,16,0
553,2025-07-07,Product B,474,2,248,16,0
554,2025-07-08,Product A,488,4,220,11,1
555,2025-07-09,Product C,490,5,273,8,1
556,2025-07-10,Product B,501,7,249,10,2
557,2025-07-11,Product B,555,6,305,10,7
558,2025-07-12,Product A,533,7,267,17,0
559,2025-07-13,Product B,471,7,260,13,1
560,2025-07-14,Product B,438,3,278,18,3
561,2025-07-15,Product B,502,7,289,20,1
562,2025-07-16,Product B,419,4,274,20,2
563,2025-07-17,Product B,417,4,275,17,6
564,2025-07-18,Product B,501,6,251,16,0
565,2025-07-19,Product B,469,6,256,18,3
566,2025-07-20,Product A,444,6,285,17,0
567,2025-07-21,Product A,557,3,292,19,0
568,2025-07-22,Product C,488,6,295,17,2
569,2025-07-23,Product B,496,3,271,19,6
570,2025-07-24,Product C,419,6,314,13,0
571,2025-07-25,Product B,500,7,261,6,1
572,2025-07-26,Product C,389,9,244,7,0
573,2025-07-27,Product B,486,6,279,16,0
574,2025-07-28,Product C,420,6,311,11,0
575,2025-07-29,Product B,431,6,271,17,0
576,2025-07-30,Product B,521,6,256,7,1
577,2025-07-31,Product A,524,4,284,13,2
578,2025-08-01,Product C,452,6,296,20,1
579,2025-08-02,Product C,517,7,261,10,0
580,2025-08-03,Product C,437,7,282,10,2
581,2025-08-04,Product A,477,5,246,13,0
582,2025-08-05,Product B,604,5,255,17,1
583,2025-08-06,Product B,467,3,229,13,2
584,2025-08-07,Product A,406,8,246,7,1
585,2025-08-08,Product A,539,8,233,9,0
586,2025-08-09,Product B,500,4,249,7,6
587,2025-08-10,Product A,534,2,295,20,1
588,2025-08-11,Product A,580,6,236,10,4
589,2025-08-12,Product B,433,8,245,14,1
590,2025-08-13,Product C,427,5,227,13,0
591,2025-08-14,Product C,518,5,259,11,0
592,2025-08-15,Product C,369,6,258,15,0
593,2025-08-16,Product B,520,8,263,15,2
594,2025-08-17,Product B,411,6,237,13,0
595,2025-08-18,Product B,495,7,195,5,0
596,2025-08-19,Product B,445,3,259,9,2
597,2025-08-20,Product B,442,5,267,19,0
598,2025-08-21,Product B,559,4,234,7,0
599,2025-08-22,Product C,523,8,208,9,2
600,2025-08-23,Product C,504,4,226,9,3
601,2025-08-24,Product B,526,7,244,9,0
602,2025-08-25,Product A,532,2,262,19,2
603,2025-08-26,Product B,450,6,222,6,1
604,2025-08-27,Product A,530,5,251,14,2
605,2025-08-28,Product C,544,7,239,17,2
606,2025-08-29,Product A,533,6,257,16,0
607,2025-08-30,Product A,469,3,216,16,7
608,2025-08-31,Product C,521,7,249,8,5
609,2025-09-01,Product C,583,1,239,8,0
610,2025-09-02,Product A,534,7,235,15,3
611,2025-09-03,Product A,496,5,250,10,0
612,2025-09-04,Product A,544,7,252,16,0
613,2025-09-05,Product C,502,9,243,6,3
614,2025-09-06,Product A,524,4,200,14,0
615,2025-09-07,Product C,554,3,223,8,4
616,2025-09-08,Product A,552,7,258,7,1
617,2025-09-09,Product A,431,6,233,7,0
618,2025-09-10,Product B,448,3,216,13,2
619,2025-09-11,Product A,555,4,244,13,3
620,2025-09-12,Product A,473,2,226,7,0
621,2025-09-13,Product A,561,7,247,7,2
622,2025-09-14,Product B,555,8,244,12,2
623,2025-09-15,Product C,433,5,242,6,0
624,2025-09-16,Product B,517,5,254,16,0
625,2025-09-17,Product C,462,9,243,13,2
626,2025-09-18,Product B,407,4,227,11,0
627,2025-09-19,Product C,467,2,255,6,0
628,2025-09-20,Product C,510,6,245,12,0
629,2025-09-21,Product B,508,5,265,15,0
630,2025-09-22,Product A,583,8,237,6,0
631,2025-09-23,Product B,541,8,284,19,1
632,2025-09-24,Product B,443,4,286,16,5
633,2025-09-25,Product B,513,5,272,16,1
634,2025-09-26,Product B,552,8,264,7,1
635,2025-09-27,Product A,497,5,237,9,6
636,2025-09-28,Product A,556,5,283,8,7
637,2025-09-29,Product B,449,4,270,15,2
638,2025-09-30,Product C,493,7,265,13,2
639,2025-10-01,Product B,419,6,273,12,1
640,2025-10-02,Product C,435,7,266,13,0
641,2025-10-03,Product B,513,6,289,14,0
642,2025-10-04,Product B,460,4,260,7,0
643,2025-10-05,Product C,458,9,274,8,1
644,2025-10-06,Product C,470,6,290,16,5
645,2025-10-07,Product C,523,3,285,17,1
646,2025-10-08,Product A,543,7,267,12,0
647,2025-10-09,Product A,501,6,298,13,1
648,2025-10-10,Product B,460,3,289,13,3
649,2025-10-11,Product C,536,10,269,8,0
650,2025-10-12,Product B,469,9,324,13,5
651,2025-10-13,Product B,461,5,249,10,0
652,2025-10-14,Product A,501,2,284,16,5
653,2025-10-15,Product B,465,6,277,7,1
654,2025-10-16,Product A,437,7,279,8,0
655,2025-10-17,Product A,486,7,264,16,4
656,2025-10-18,Product B,528,7,278,18,0
657,2025-10-19,Product C,469,6,251,7,1
658,2025-10-20,Product C,432,3,293,15,0
659,2025-10-21,Product C,527,3,256,7,1
660,2025-10-22,Product B,488,4,286,19,0
661,2025-10-23,Product B,649,6,299,20,3
662,2025-10-24,Product C,521,7,323,8,0
663,2025-10-25,Product B,443,4,291,16,2
664,2025-10-26,Product B,479,5,299,9,1
665,2025-10-27,Product C,545,5,287,10,0
666,2025-10-28,Product C,489,5,326,16,0
667,2025-10-29,Product A,521,5,265,11,0
668,2025-10-30,Product C,551,10,244,10,1
669,2025-10-31,Product B,406,8,296,15,0
670,2025-11-01,Product B,368,6,280,18,1
671,2025-11-02,Product C,546,6,254,14,0
672,2025-11-03,Product C,455,5,251,13,0
673,2025-11-04,Product C,532,5,273,19,1
674,2025-11-05,Product C,485,5,321,12,1
675,2025-11-06,Product A,444,3,284,10,0
676,2025-11-07,Product B,514,9,273,19,3
677,2025-11-08,Product B,519,1,261,6,3
678,2025-11-09,Product A,434,5,247,13,0
679,2025-11-10,Product B,496,5,281,8,1
680,2025-11-11,Product C,469,6,285,16,1
681,2025-11-12,Product A,475,3,246,7,0
682,2025-11-13,Product C,468,5,246,8,2
683,2025-11-14,Product B,389,8,277,13,0
684,2025-11-15,Product A,532,3,252,10,3
685,2025-11-16,Product C,499,6,285,11,0
686,2025-11-17,Product C,522,8,268,14,3
687,2025-11-18,Product A,539,3,254,8,2
688,2025-11-19,Product C,570,7,244,6,4
689,2025-11-20,Product A,476,6,256,9,2
690,2025-11-21,Product C,584,8,255,11,2
691,2025-11-22,Product C,547,5,226,10,2
692,2025-11-23,Product B,457,4,228,8,0
693,2025-11-24,Product C,460,7,247,7,1
694,2025-11-25,Product B,454,9,260,7,3
695,2025-11-26,Product C,551,7,227,13,0
696,2025-11-27,Product B,508,7,226,11,0
697,2025-11-28,Product B,455,3,263,7,1
698,2025-11-29,Product B,542,3,260,19,2
699,2025-11-30,Product A,531,4,278,7,1
700,2025-12-01,Product B,517,2,252,18,0
701,2025-12-02,Product A,486,7,244,15,7
702,2025-12-03,Product B,516,6,260,10,0
703,2025-12-04,Product A,423,8,235,11,3
704,2025-12-05,Product B,449,5,251,8,3
705,2025-12-06,Product B,493,2,265,13,2
706,2025-12-07,Product A,531,8,261,13,1
707,2025-12-08,Product C,554,7,261,17,1
708,2025-12-09,Product A,507,6,248,11,2
709,2025-12-10,Product C,578,3,245,6,1
710,2025-12-11,Product A,518,1,270,12,1
711,2025-12-12,Product A,544,5,246,16,2
712,2025-12-13,Product C,447,8,299,13,2
713,2025-12-14,Product B,500,3,279,16,0
714,2025-12-15,Product B,561,9,274,10,1
715,2025-12-16,Product B,456,7,274,7,0
716,2025-12-17,Product B,577,7,274,9,6
717,2025-12-18,Product C,523,4,328,15,1
718,2025-12-19,Product C,512,3,276,19,1
719,2025-12-20,Product A,489,2,292,13,0
720,2025-12-21,Product A,496,5,275,10,4
721,2025-12-22,Product C,462,6,289,13,0
722,2025-12-23,Product A,531,4,292,13,7
723,2025-12-24,Product B,468,6,277,17,1
724,2025-12-25,Product A,474,5,273,11,0
725,2025-12-26,Product A,462,4,265,7,1
726,2025-12-27,Product C,475,5,275,8,7
727,2025-12-28,Product C,487,2,272,9,3
728,2025-12-29,Product B,439,3,273,11,0
729,2025-12-30,Product C,482,8,261,17,0
730,2025-12-31,Product A,529,4,277,8,3
731,2026-01-01,Product B,453,2,283,9,1
732,2026-01-02,Product C,482,6,291,9,0
733,2026-01-03,Product C,634,3,304,8,1
734,2026-01-04,Product C,495,4,308,15,0
735,2026-01-05,Product C,472,3,244,15,2
736,2026-01-06,Product B,591,7,301,17,0
737,2026-01-07,Product C,518,8,294,16,7
738,2026-01-08,Product C,486,7,291,12,2
739,2026-01-09,Product C,429,1,263,10,3
740,2026-01-10,Product B,547,5,259,7,1
741,2026-01-11,Product B,453,5,300,17,0
742,2026-01-12,Product B,595,9,338,18,0
743,2026-01-13,Product B,492,1,311,15,2
744,2026-01-14,Product B,510,3,282,13,0
745,2026-01-15,Product A,458,6,285,7,0
746,2026-01-16,Product B,444,6,318,9,0
747,2026-01-17,Product A,474,6,276,15,3
748,2026-01-18,Product C,473,6,271,11,0
749,2026-01-19,Product C,534,5,303,16,0
750,2026-01-20,Product C,526,8,279,19,1
751,2026-01-21,Product B,522,4,286,20,1
752,2026-01-22,Product C,453,4,296,17,1
753,2026-01-23,Product B,490,9,286,15,0
754,2026-01-24,Product C,362,5,278,9,3
755,2026-01-25,Product A,569,4,266,12,1
756,2026-01-26,Product B,538,6,297,22,0
757,2026-01-27,Product A,696,6,276,13,1
758,2026-01-28,Product A,485,6,284,7,0
759,2026-01-29,Product C,478,6,266,12,0
760,2026-01-30,Product B,479,3,273,14,2
761,2026-01-31,Product C,562,6,272,8,0
762,2026-02-01,Product B,534,9,276,19,0
763,2026-02-02,Product B,533,9,281,12,0
764,2026-02-03,Product B,490,5,279,16,5
765,2026-02-04,Product A,512,7,247,15,2
766,2026-02-05,Product C,543,5,257,10,0
767,2026-02-06,Product B,547,7,294,8,1
768,2026-02-07,Product C,469,5,239,10,0
769,2026-02-08,Product B,480,5,248,15,5
770,2026-02-09,Product C,516,3,271,19,0
771,2026-02-10,Product C,350,10,261,17,2
772,2026-02-11,Product B,523,9,248,7,1
773,2026-02-12,Product C,587,5,278,8,2
774,2026-02-13,Product B,458,4,255,10,1
775,2026-02-14,Product C,447,6,298,17,0
776,2026-02-15,Product B,404,5,236,7,0
777,2026-02-16,Product C,599,6,242,17,4
778,2026-02-17,Product B,563,4,272,14,3
779,2026-02-18,Product C,509,9,277,17,4
780,2026-02-19,Product A,417,4,258,15,1
781,2026-02-20,Product C,504,3,258,19,7
782,2026-02-21,Product C,575,7,261,7,1
783,2026-02-22,Product C,489,2,270,12,5
784,2026-02-23,Product B,404,4,250,6,0
785,2026-02-24,Product B,594,3,271,9,1
786,2026-02-25,Product A,554,5,256,10,0
787,2026-02-26,Product B,566,8,248,8,0
788,2026-02-27,Product A,424,1,249,8,0
789,2026-02-28,Product B,527,6,268,18,0
790,2026-03-01,Product A,406,5,263,13,1
791,2026-03-02,Product C,522,5,249,16,1
792,2026-03-03,Product C,522,4,261,7,2
793,2026-03-04,Product B,522,5,246,16,0
794,2026-03-05,Product C,530,6,249,7,0
795,2026-03-06,Product B,511,1,285,9,3
796,2026-03-07,Product A,521,8,235,15,0
797,2026-03-08,Product C,464,3,228,14,2
798,2026-03-09,Product A,472,6,240,14,0
799,2026-03-10,Product A,480,3,260,11,4
800,2026-03-11,Product C,424,6,302,18,6
801,2026-03-12,Product B,500,6,263,14,5
802,2026-03-13,Product C,511,7,244,15,2
803,2026-03-14,Product A,585,9,277,14,1
804,2026-03-15,Product B,538,7,276,20,1
805,2026-03-16,Product B,487,5,296,20,0
806,2026-03-17,Product A,490,6,273,11,1
807,2026-03-18,Product C,560,7,241,17,0
808,2026-03-19,Product B,495,6,260,16,2
809,2026-03-20,Product B,563,8,270,13,0
810,2026-03-21,Product B,582,8,266,19,5
811,2026-03-22,Product A,518,6,259,16,0
812,2026-03-23,Product A,522,2,260,17,0
813,2026-03-24,Product A,485,8,275,15,4
814,2026-03-25,Product B,490,4,307,16,0
815,2026-03-26,Product A,582,5,278,16,4
816,2026-03-27,Product C,493,7,251,16,0
817,2026-03-28,Product B,565,5,291,8,3
818,2026-03-29,Product A,495,5,257,9,7
819,2026-03-30,Product C,574,2,300,9,2
820,2026-03-31,Product B,523,5,311,9,0
821,2026-04-01,Product A,393,8,290,19,3
822,2026-04-02,Product B,464,4,294,21,0
823,2026-04-03,Product B,455,7,282,7,0
824,2026-04-04,Product C,354,5,278,12,1
825,2026-04-05,Product B,418,6,276,20,3
826,2026-04-06,Product B,469,6,291,10,0
827,2026-04-07,Product B,465,9,283,20,0
828,2026-04-08,Product C,495,5,282,16,2
829,2026-04-09,Product A,530,7,295,9,4
830,2026-04-10,Product B,449,4,273,19,2
831,2026-04-11,Product B,474,7,322,19,3
832,2026-04-12,Product A,444,5,287,18,2
833,2026-04-13,Product B,566,5,299,14,7
834,2026-04-14,Product A,544,9,295,20,1
835,2026-04-15,Product A,535,3,338,12,1
836,2026-04-16,Product A,535,2,295,15,5
837,2026-04-17,Product C,521,7,313,17,1
838,2026-04-18,Product B,452,4,286,8,4
839,2026-04-19,Product B,541,5,319,11,2
840,2026-04-20,Product A,583,9,316,8,1
841,2026-04-21,Product B,589,7,285,16,0
842,2026-04-22,Product C,447,7,327,15,0
843,2026-04-23,Product A,534,8,305,20,0
844,2026-04-24,Product B,457,8,313,17,0
845,2026-04-25,Product A,498,5,296,16,0
846,2026-04-26,Product C,446,9,270,10,0
847,2026-04-27,Product A,509,6,296,11,0
848,2026-04-28,Product A,509,7,294,16,0
849,2026-04-29,Product A,643,6,277,14,0
850,2026-04-30,Product A,491,7,300,17,0
851,2026-05-01,Product A,463,9,295,15,4
852,2026-05-02,Product B,531,8,296,8,0
853,2026-05-03,Product C,507,7,265,13,2
854,2026-05-04,Product C,488,6,268,14,2
855,2026-05-05,Product B,558,2,299,20,0
856,2026-05-06,Product A,511,7,279,15,2
857,2026-05-07,Product B,456,5,288,10,0
858,2026-05-08,Product A,454,8,305,13,6
859,2026-05-09,Product A,506,7,335,14,0
860,2026-05-10,Product C,392,7,247,14,0
861,2026-05-11,Product A,575,5,265,16,0
862,2026-05-12,Product C,570,1,302,18,0
863,2026-05-13,Product A,516,4,243,6,2
864,2026-05-14,Product C,442,8,281,11,0
865,2026-05-15,Product C,453,9,287,9,2
866,2026-05-16,Product C,526,6,307,14,1
867,2026-05-17,Product C,499,5,237,11,1
868,2026-05-18,Product A,481,6,269,17,1
869,2026-05-19,Product A,450,4,272,16,0
870,2026-05-20,Product B,509,4,238,6,2
871,2026-05-21,Product A,512,9,268,7,0
872,2026-05-22,Product A,545,2,300,20,0
873,2026-05-23,Product B,528,4,311,22,0
874,2026-05-24,Product C,525,9,282,12,0
875,2026-05-25,Product C,487,5,264,12,2
876,2026-05-26,Product A,448,8,248,15,2
877,2026-05-27,Product A,581,1,244,9,5
878,2026-05-28,Product A,474,5,276,18,0
879,2026-05-29,Product B,503,5,258,9,1
880,2026-05-30,Product B,522,4,245,11,0
881,2026-05-31,Product B,415,5,287,17,0
882,2026-06-01,Product B,464,9,258,10,3
883,2026-06-02,Product A,508,6,279,13,6
884,2026-06-03,Product B,496,3,299,12,1
885,2026-06-04,Product C,590,4,263,10,0
886,2026-06-05,Product A,525,4,315,19,4
887,2026-06-06,Product A,559,2,291,13,3
888,2026-06-07,Product A,459,6,291,15,1
889,2026-06-08,Product B,506,4,266,8,0
890,2026-06-09,Product B,598,3,286,16,3
891,2026-06-10,Product B,574,5,260,12,1
892,2026-06-11,Product C,524,7,282,13,0
893,2026-06-12,Product C,495,7,263,12,0
894,2026-06-13,Product B,521,1,294,7,2
895,2026-06-14,Product B,506,8,280,15,6
896,2026-06-15,Product B,466,5,323,12,0
897,2026-06-16,Product A,458,6,273,7,4
898,2026-06-17,Product C,435,4,274,12,3
899,2026-06-18,Product C,496,6,312,20,0
900,2026-06-19,Product C,512,8,298,9,3
901,2026-06-20,Product A,555,2,326,10,6
902,2026-06-21,Product C,613,7,304,17,1
903,2026-06-22,Product B,436,8,305,8,1
904,2026-06-23,Product A,534,3,293,10,0
905,2026-06-24,Product C,459,4,286,12,0
906,2026-06-25,Product B,493,4,240,17,0
907,2026-06-26,Product A,602,5,303,16,1
908,2026-06-27,Product C,584,9,304,14,6
909,2026-06-28,Product B,551,10,314,13,0
910,2026-06-29,Product A,477,5,302,16,0
911,2026-06-30,Product C,495,2,307,13,0
912,2026-07-01,Product B,548,1,329,18,1
913,2026-07-02,Product A,569,1,300,21,0
914,2026-07-03,Product A,449,4,338,20,0
915,2026-07-04,Product B,533,3,297,15,0
916,2026-07-05,Product C,524,4,319,9,1
917,2026-07-06,Product B,596,4,284,17,3
918,2026-07-07,Product A,502,6,300,22,1
919,2026-07-08,Product B,431,4,332,19,2
920,2026-07-09,Product B,585,2,320,11,4
921,2026-07-10,Product A,523,6,304,20,0
922,2026-07-11,Product B,563,1,322,10,7
923,2026-07-12,Product C,375,6,295,13,1
924,2026-07-13,Product A,470,3,308,20,1
925,2026-07-14,Product B,603,8,277,16,1
926,2026-07-15,Product C,494,3,353,9,0
927,2026-07-16,Product C,579,8,299,11,1
928,2026-07-17,Product B,543,3,338,22,2
929,2026-07-18,Product C,515,5,359,21,0
930,2026-07-19,Product C,473,2,317,18,0
931,2026-07-20,Product B,625,5,305,15,0
932,2026-07-21,Product A,532,6,306,22,0
933,2026-07-22,Product A,435,7,350,12,1
934,2026-07-23,Product B,547,6,311,8,4
935,2026-07-24,Product C,553,8,314,16,1
936,2026-07-25,Product B,516,6,279,18,0
937,2026-07-26,Product C,514,4,289,9,0
938,2026-07-27,Product A,606,8,341,9,0
939,2026-07-28,Product B,438,3,303,22,0
940,2026-07-29,Product C,561,5,322,15,5
941,2026-07-30,Product B,530,5,319,20,1
942,2026-07-31,Product C,562,8,278,8,4
943,2026-08-01,Product B,550,5,306,17,0
944,2026-08-02,Product B,602,6,311,15,2
945,2026-08-03,Product C,460,4,260,11,0
946,2026-08-04,Product C,501,6,289,16,3
947,2026-08-05,Product A,519,7,313,19,6
948,2026-08-06,Product A,450,5,314,14,1
949,2026-08-07,Product A,544,6,260,17,0
950,2026-08-08,Product C,594,4,271,8,1
951,2026-08-09,Product A,538,4,274,9,3
952,2026-08-10,Product C,488,7,294,10,3
953,2026-08-11,Product C,513,2,261,18,0
954,2026-08-12,Product A,450,5,267,10,3
955,2026-08-13,Product C,444,5,296,21,3
956,2026-08-14,Product B,520,7,290,9,5
957,2026-08-15,Product B,458,3,305,17,1
958,2026-08-16,Product A,508,10,272,13,3
959,2026-08-17,Product A,463,5,286,15,2
960,2026-08-18,Product C,536,7,275,9,3
961,2026-08-19,Product C,516,6,263,14,2
962,2026-08-20,Product C,442,7,276,11,0
963,2026-08-21,Product C,503,5,313,8,3
964,2026-08-22,Product A,444,5,280,8,0
965,2026-08-23,Product C,561,6,312,19,1
966,2026-08-24,Product B,563,5,287,16,0
967,2026-08-25,Product C,541,6,295,13,2
968,2026-08-26,Product C,543,5,265,7,1
969,2026-08-27,Product C,516,6,280,14,1
970,2026-08-28,Product C,454,4,274,19,2
971,2026-08-29,Product B,515,3,271,10,0
972,2026-08-30,Product C,521,6,249,11,0
973,2026-08-31,Product B,434,1,297,8,4
974,2026-09-01,Product A,662,10,275,9,2
975,2026-09-02,Product B,494,2,315,15,1
976,2026-09-03,Product A,468,7,290,12,1
977,2026-09-04,Product A,553,2,276,11,2
978,2026-09-05,Product C,399,6,298,12,0
979,2026-09-06,Product B,493,3,275,20,0
980,2026-09-07,Product A,464,7,291,18,1
981,2026-09-08,Product C,508,6,265,14,0
982,2026-09-09,Product B,571,3,275,10,0
983,2026-09-10,Product A,516,5,279,10,3
984,2026-09-11,Product A,465,2,292,9,3
985,2026-09-12,Product A,602,5,321,12,7
986,2026-09-13,Product B,516,5,276,18,1
987,2026-09-14,Product B,541,6,283,10,0
988,2026-09-15,Product A,533,4,316,20,0
989,2026-09-16,Product C,475,3,281,17,0
990,2026-09-17,Product A,411,6,262,16,4
991,2026-09-18,Product B,438,5,318,23,0
992,2026-09-19,Product B,492,5,281,14,0
993,2026-09-20,Product B,441,5,309,15,2
994,2026-09-21,Product A,509,8,316,22,0
995,2026-09-22,Product C,479,9,307,14,5
996,2026-09-23,Product A,491,6,287,10,0
997,2026-09-24,Product B,449,7,264,7,0
998,2026-09-25,Product B,455,7,311,15,3
999,2026-09-26,Product C,401,7,337,19,0
